Time,Temp,Pressure,Humidnity,IAQ
14/10/2023 20:04,33.7,100176,66.24,89.06
14/10/2023 20:05,33.71,100177,66.11,89.11
14/10/2023 20:06,33.86,100180,65.2,89.51
14/10/2023 20:07,34.22,100181,64.18,89.94
14/10/2023 20:08,34.82,100182,62.9,90.36
14/10/2023 20:09,34.91,100183,62.28,90.74
14/10/2023 20:10,35.14,100181,61.46,91.07
14/10/2023 20:11,35.34,100182,60.94,91.29
14/10/2023 20:12,35.51,100181,60.59,91.42
14/10/2023 20:13,35.68,100180,59.96,91.72
14/10/2023 20:14,35.79,100180,59.68,91.81
14/10/2023 20:15,35.82,100179,59.68,91.82
14/10/2023 20:16,35.75,100178,59.96,91.68
14/10/2023 20:17,36.33,100180,58.87,92.08
14/10/2023 20:18,36,100179,59.08,92.07
14/10/2023 20:19,36.07,100179,59.05,92.06
14/10/2023 20:20,35.87,100177,59.35,91.97
14/10/2023 20:21,36.49,100177,58.36,92.27
14/10/2023 20:22,36.3,100174,58.18,92.45
14/10/2023 20:23,36.13,100174,58.75,92.18
14/10/2023 20:24,35.98,100173,58.97,92.11
14/10/2023 20:25,36.11,100172,58.65,92.24
14/10/2023 20:26,36.3,100174,57.95,92.58
14/10/2023 20:27,36.18,100174,58.18,92.45
14/10/2023 20:28,36.17,100180,58.28,92.39
14/10/2023 20:29,36.12,100179,58.62,92.24
14/10/2023 20:30,36.13,100182,58.85,92.02
14/10/2023 20:31,36.03,100181,58.72,92.21
14/10/2023 20:32,36.12,100185,58.48,92.32
14/10/2023 20:33,35.98,100186,58.65,92.25
14/10/2023 20:34,36.32,100189,58.49,92.17
14/10/2023 20:35,36.01,100189,58.55,92.32
14/10/2023 20:36,35.85,100190,58.99,92.14
14/10/2023 20:37,35.98,100190,58.81,92.17
14/10/2023 20:38,36.22,100189,58.3,92.4
14/10/2023 20:39,36.12,100187,58.48,92.32
14/10/2023 20:40,36.02,100187,58.73,92.21
14/10/2023 20:41,35.9,100187,58.84,92.19
14/10/2023 20:42,35.75,100188,59.18,92.04
14/10/2023 20:43,36.19,100193,58.73,92.12
14/10/2023 20:44,35.89,100195,59.11,92.03
14/10/2023 20:45,36.1,100198,58.56,92.27
14/10/2023 20:46,36.55,100202,57.47,92.72
14/10/2023 20:47,36.26,100209,58.42,92.24
14/10/2023 20:48,36.29,100211,58.07,92.51
14/10/2023 20:49,36.5,100214,57.66,92.64
14/10/2023 20:50,36.17,100217,58.35,92.38
14/10/2023 20:51,36.3,100219,58.15,92.45
14/10/2023 20:52,36.4,100219,57.77,92.64
14/10/2023 20:53,36.35,100221,57.99,92.53
14/10/2023 20:54,36.26,100222,58.01,92.54
14/10/2023 20:55,36.48,100223,57.65,92.67
14/10/2023 20:56,36.77,100227,57.3,92.73
14/10/2023 20:57,36.58,100232,57.57,92.69
14/10/2023 20:58,36.22,100234,58.3,92.4
14/10/2023 20:59,36.31,100240,58.23,92.4
14/10/2023 21:00,36.59,100244,58.08,92.33
14/10/2023 21:01,36.77,100245,57.07,92.93
14/10/2023 21:02,36.6,100245,57.73,92.59
14/10/2023 21:03,36.43,100244,58.09,92.47
14/10/2023 21:04,36.74,100245,57.46,92.73
14/10/2023 21:05,36.84,100246,57.25,92.82
14/10/2023 21:06,36.48,100247,57.95,92.58
14/10/2023 21:07,36.5,100247,57.89,92.57
14/10/2023 21:08,36.4,100248,58.25,92.42
14/10/2023 21:09,36.26,100250,59.01,91.98
14/10/2023 21:10,36.07,100249,59.22,92.02
14/10/2023 21:11,36.25,100249,58.7,92.23
14/10/2023 21:12,36.11,100250,59.05,92.06
14/10/2023 21:13,36.29,100249,58.94,91.99
14/10/2023 21:14,35.77,100250,59.79,91.78
14/10/2023 21:15,35.96,100248,59.46,91.9
14/10/2023 21:16,36.03,100247,59.19,92.02
14/10/2023 21:17,36.14,100245,59.05,92.06
14/10/2023 21:18,35.85,100245,59.62,91.87
14/10/2023 21:19,35.62,100242,60.18,91.61
14/10/2023 21:20,35.52,100241,60.48,91.5
14/10/2023 21:21,36.06,100238,59.45,91.9
14/10/2023 21:22,36.3,100239,59.28,91.83
14/10/2023 21:23,36.23,100236,58.68,92.25
14/10/2023 21:24,36.46,100236,58.32,92.37
14/10/2023 21:25,36.23,100237,58.93,92.12
14/10/2023 21:26,36.66,100242,58.32,92.27
14/10/2023 21:27,36.21,100245,58.75,92.23
14/10/2023 21:28,36.2,100249,58.78,92.21
14/10/2023 21:29,36.57,100256,58.06,92.49
14/10/2023 21:30,36.54,100261,58.19,92.43
14/10/2023 21:31,36.64,100266,57.83,92.67
14/10/2023 21:32,36.25,100268,58.66,92.25
14/10/2023 21:33,36.33,100271,58.38,92.36
14/10/2023 21:34,36.34,100275,58.45,92.31
14/10/2023 21:35,36.48,100278,58.38,92.28
14/10/2023 21:36,36.27,100279,58.55,92.26
14/10/2023 21:37,36.14,100281,58.83,92.18
14/10/2023 21:38,36.19,100282,58.56,92.32
14/10/2023 21:39,36.57,100284,58.36,92.19
14/10/2023 21:40,36.32,100279,58.54,92.29
14/10/2023 21:41,35.99,100278,59.25,92
14/10/2023 21:42,36.25,100276,58.87,92.13
14/10/2023 21:43,36.01,100277,59.39,91.92
14/10/2023 21:44,36.41,100276,58.99,91.92
14/10/2023 21:45,36.04,100277,59.34,91.95
14/10/2023 21:46,35.88,100278,59.72,91.81
14/10/2023 21:47,36.15,100278,59.23,92.01
14/10/2023 21:48,36.57,100279,58.63,92.13
14/10/2023 21:49,36.04,100279,59.48,91.9
14/10/2023 21:50,36.48,100278,58.66,92.22
14/10/2023 21:51,36.23,100275,58.94,92.14
14/10/2023 21:52,36.06,100273,59.32,91.98
14/10/2023 21:53,36.31,100272,58.74,92.24
14/10/2023 21:54,36.74,100271,57.75,92.62
14/10/2023 21:55,36.66,100268,58.03,92.5
14/10/2023 21:56,36.61,100268,58.2,92.44
14/10/2023 21:57,36.69,100270,58.02,92.48
14/10/2023 21:58,36.39,100268,58.48,92.33
14/10/2023 21:59,36.66,100272,57.96,92.52
14/10/2023 22:00,36.32,100273,58.85,92.16
14/10/2023 22:01,36.72,100278,57.93,92.57
14/10/2023 22:02,36.31,100281,58.79,92.18
14/10/2023 22:03,36.3,100282,58.71,92.23
14/10/2023 22:04,36.41,100287,58.54,92.29
14/10/2023 22:05,36.18,100290,59.08,92.06
14/10/2023 22:06,36.19,100296,59.14,92.04
14/10/2023 22:07,36.39,100299,58.56,92.28
14/10/2023 22:08,36.22,100303,58.89,92.13
14/10/2023 22:09,36.24,100305,58.72,92.21
14/10/2023 22:10,36.13,100311,59.29,91.94
14/10/2023 22:11,36.1,100314,58.88,92.18
14/10/2023 22:12,36.13,100320,59.03,92.07
14/10/2023 22:13,36.58,100324,58.2,92.39
14/10/2023 22:14,36.84,100330,57.77,92.48
14/10/2023 22:15,36.39,100332,58.35,92.39
14/10/2023 22:16,36.5,100335,58.28,92.37
14/10/2023 22:17,36.35,100338,58.35,92.38
14/10/2023 22:18,36.15,100341,58.75,92.18
14/10/2023 22:19,36.35,100342,58.35,92.37
14/10/2023 22:20,36.52,100341,57.84,92.59
14/10/2023 22:21,36.67,100341,57.63,92.66
14/10/2023 22:22,36.71,100337,57.65,92.64
14/10/2023 22:23,36.79,100333,57.71,92.57
14/10/2023 22:24,36.38,100327,58.33,92.39
14/10/2023 22:25,36.67,100322,57.92,92.53
14/10/2023 22:26,36.64,100317,57.78,92.61
14/10/2023 22:27,37.12,100311,57.12,92.77
14/10/2023 22:28,36.7,100307,57.6,92.7
14/10/2023 22:29,36.55,100305,58.21,92.42
14/10/2023 22:30,37.08,100305,57.06,92.9
14/10/2023 22:31,36.97,100307,57.06,92.9
14/10/2023 22:32,36.72,100311,57.45,92.79
14/10/2023 22:33,36.64,100316,57.9,92.55
14/10/2023 22:34,36.87,100324,57.31,92.8
14/10/2023 22:35,36.75,100329,57.61,92.68
14/10/2023 22:36,37.13,100339,56.86,92.87
14/10/2023 22:37,36.14,100343,58.2,92.48
14/10/2023 22:38,35.83,100347,59.31,91.98
14/10/2023 22:39,36.04,100349,59.09,92.05
14/10/2023 22:40,36.34,100347,58.64,92.2
14/10/2023 22:41,36.28,100347,58.32,92.39
14/10/2023 22:42,36.26,100347,58.32,92.39
14/10/2023 22:43,36.42,100346,58.04,92.47
14/10/2023 22:44,36.34,100346,58.08,92.49
14/10/2023 22:45,36.52,100345,57.49,92.76
14/10/2023 22:46,36.31,100346,58.02,92.52
14/10/2023 22:47,36.33,100348,58.02,92.52
14/10/2023 22:48,36.65,100347,57.41,92.76
14/10/2023 22:49,36.57,100347,57.82,92.48
14/10/2023 22:50,36.56,100345,57.48,92.74
14/10/2023 22:51,36.03,100347,58.53,92.32
14/10/2023 22:52,36.06,100350,58.8,92.2
14/10/2023 22:53,36.17,100349,59.04,92.01
14/10/2023 22:54,35.88,100349,59.44,91.91
14/10/2023 22:55,35.91,100351,59.46,91.89
14/10/2023 22:56,36.21,100346,58.76,92.19
14/10/2023 22:57,36.4,100347,58.32,92.36
14/10/2023 22:58,36.21,100348,58.55,92.31
14/10/2023 22:59,36.29,100349,58.31,92.4
14/10/2023 23:00,36.31,100347,58.16,92.46
14/10/2023 23:01,36.12,100348,58.67,92.23
14/10/2023 23:02,36.12,100352,58.85,92.14
14/10/2023 23:03,36.16,100349,58.34,92.39
14/10/2023 23:04,35.78,100352,59.1,92.1
14/10/2023 23:05,35.98,100350,58.82,92.18
14/10/2023 23:06,36.36,100345,58.32,92.34
14/10/2023 23:07,36.17,100342,58.46,92.33
14/10/2023 23:08,35.99,100341,59.19,91.99
14/10/2023 23:09,35.99,100337,59.18,92.01
14/10/2023 23:10,35.94,100334,59.42,91.9
14/10/2023 23:11,36.13,100327,58.85,92.16
14/10/2023 23:12,36.08,100324,58.97,92.13
14/10/2023 23:13,35.91,100321,59.56,91.87
14/10/2023 23:14,35.91,100321,59.5,91.91
14/10/2023 23:15,36.06,100318,59.63,91.8
14/10/2023 23:16,35.68,100319,60.13,91.64
14/10/2023 23:17,36.07,100319,59.41,91.9
14/10/2023 23:18,35.79,100325,59.93,91.73
14/10/2023 23:19,36.5,100323,58.61,92.15
14/10/2023 23:20,36.28,100325,58.69,92.23
14/10/2023 23:21,36.25,100325,58.54,92.29
14/10/2023 23:22,36,100323,59.04,92.08
14/10/2023 23:23,36.08,100323,58.98,92.09
14/10/2023 23:24,36.26,100321,58.3,92.43
14/10/2023 23:25,36.16,100321,58.48,92.31
14/10/2023 23:26,36.28,100319,58.1,92.46
14/10/2023 23:27,36.19,100319,58.04,92.5
14/10/2023 23:28,36.53,100320,57.68,92.51
14/10/2023 23:29,35.95,100321,58.21,92.47
14/10/2023 23:30,36.08,100321,58.11,92.48
14/10/2023 23:31,36.21,100321,57.8,92.59
14/10/2023 23:32,36.34,100321,57.78,92.52
14/10/2023 23:33,36.28,100320,57.63,92.67
14/10/2023 23:34,35.95,100320,58.48,92.31
14/10/2023 23:35,35.8,100322,58.8,92.17
14/10/2023 23:36,35.93,100321,58.55,92.32
14/10/2023 23:37,36.22,100320,58.4,92.26
14/10/2023 23:38,36.09,100319,58.31,92.37
14/10/2023 23:39,36.24,100318,57.92,92.52
14/10/2023 23:40,36.26,100319,57.72,92.65
14/10/2023 23:41,36.64,100316,57.4,92.59
14/10/2023 23:42,36.37,100316,57.51,92.72
14/10/2023 23:43,36.29,100314,57.56,92.71
14/10/2023 23:44,36.05,100314,58.16,92.44
14/10/2023 23:45,36.43,100314,57.75,92.48
14/10/2023 23:46,36.32,100315,57.62,92.68
14/10/2023 23:47,36.23,100313,57.59,92.7
14/10/2023 23:48,35.85,100315,58.36,92.38
14/10/2023 23:49,36.02,100316,58.1,92.48
14/10/2023 23:50,36.36,100319,57.69,92.55
14/10/2023 23:51,36.18,100321,57.83,92.57
14/10/2023 23:52,35.95,100321,58.58,92.27
14/10/2023 23:53,36.07,100324,58.2,92.45
14/10/2023 23:54,36.32,100326,58.15,92.34
14/10/2023 23:55,35.72,100332,59.03,92.11
14/10/2023 23:56,36,100333,58.44,92.35
14/10/2023 23:57,35.83,100342,58.85,92.18
14/10/2023 23:58,35.93,100348,59.06,92.04
14/10/2023 23:59,35.64,100352,59.45,91.93
15/10/2023 0:00,35.62,100358,59.47,91.93
15/10/2023 0:01,35.86,100361,59.16,92.03
15/10/2023 0:02,36.01,100364,58.61,92.26
15/10/2023 0:03,36.09,100364,58.86,92.12
15/10/2023 0:04,35.96,100362,58.75,92.21
15/10/2023 0:05,36.16,100358,58.37,92.35
15/10/2023 0:06,36.11,100356,58.47,92.3
15/10/2023 0:07,35.88,100355,59.22,92.03
15/10/2023 0:08,36,100353,58.61,92.27
15/10/2023 0:09,36.22,100348,58.24,92.4
15/10/2023 0:10,36.15,100347,58.33,92.38
15/10/2023 0:11,35.83,100347,59.05,92.07
15/10/2023 0:12,36.07,100344,58.34,92.41
15/10/2023 0:13,35.49,100342,59.77,91.79
15/10/2023 0:14,35.71,100341,59.51,91.87
15/10/2023 0:15,35.69,100340,59.6,91.85
15/10/2023 0:16,35.91,100337,59.2,92
15/10/2023 0:17,35.77,100333,59.21,92.01
15/10/2023 0:18,35.69,100330,59.35,91.96
15/10/2023 0:19,35.7,100325,59.33,91.95
15/10/2023 0:20,35.94,100322,59.06,91.91
15/10/2023 0:21,35.65,100315,59.12,92.07
15/10/2023 0:22,35.63,100312,59.22,92.01
15/10/2023 0:23,35.7,100311,59.16,92.02
15/10/2023 0:24,35.76,100310,59.15,92.02
15/10/2023 0:25,35.8,100311,58.82,92.19
15/10/2023 0:26,35.96,100310,58.6,92.27
15/10/2023 0:27,36.02,100310,58.35,92.36
15/10/2023 0:28,35.75,100311,59.05,92.05
15/10/2023 0:29,36.19,100310,58.4,92.23
15/10/2023 0:30,36.04,100307,58.27,92.4
15/10/2023 0:31,36.11,100305,58.06,92.49
15/10/2023 0:32,35.78,100303,58.66,92.22
15/10/2023 0:33,35.74,100300,59.09,92.02
15/10/2023 0:34,35.49,100298,59.45,91.92
15/10/2023 0:35,35.81,100297,58.69,92.22
15/10/2023 0:36,35.7,100297,58.75,92.23
15/10/2023 0:37,35.55,100298,59.15,92.03
15/10/2023 0:38,35.76,100300,58.64,92.26
15/10/2023 0:39,35.54,100301,59.01,92.12
15/10/2023 0:40,35.38,100305,59.62,91.83
15/10/2023 0:41,35.55,100306,59.36,91.92
15/10/2023 0:42,35.57,100307,59.72,91.68
15/10/2023 0:43,35.56,100305,59.24,92.02
15/10/2023 0:44,35.71,100303,58.71,92.24
15/10/2023 0:45,35.52,100301,59.39,91.93
15/10/2023 0:46,35.88,100298,59.02,91.94
15/10/2023 0:47,35.4,100300,59.5,91.91
15/10/2023 0:48,35.4,100302,59.61,91.86
15/10/2023 0:49,35.73,100303,58.93,92.14
15/10/2023 0:50,35.81,100303,58.63,92.26
15/10/2023 0:51,35.46,100305,59.42,91.95
15/10/2023 0:52,35.55,100305,59.55,91.82
15/10/2023 0:53,35.65,100302,59.21,91.98
15/10/2023 0:54,35.73,100301,58.82,92.18
15/10/2023 0:55,35.88,100300,58.87,92.09
15/10/2023 0:56,35.81,100300,58.7,92.23
15/10/2023 0:57,35.73,100302,58.85,92.15
15/10/2023 0:58,35.58,100305,59.22,92
15/10/2023 0:59,35.94,100308,58.72,92.13
15/10/2023 1:00,35.44,100312,59.35,91.99
15/10/2023 1:01,35.58,100311,59.22,92
15/10/2023 1:02,35.63,100311,59.05,92.08
15/10/2023 1:03,35.79,100309,58.63,92.26
15/10/2023 1:04,35.94,100303,58.15,92.49
15/10/2023 1:05,35.6,100299,59.05,92.07
15/10/2023 1:06,35.62,100292,59.02,92.1
15/10/2023 1:07,35.87,100285,58.47,92.31
15/10/2023 1:08,35.97,100280,58.64,92.09
15/10/2023 1:09,36.02,100276,58.08,92.49
15/10/2023 1:10,35.91,100275,58.29,92.39
15/10/2023 1:11,35.85,100275,58.27,92.41
15/10/2023 1:12,35.94,100276,58.64,92.17
15/10/2023 1:13,35.85,100280,58.3,92.39
15/10/2023 1:14,35.74,100287,58.61,92.27
15/10/2023 1:15,35.82,100294,58.58,92.26
15/10/2023 1:16,35.98,100298,58.14,92.43
15/10/2023 1:17,35.96,100301,58.01,92.52
15/10/2023 1:18,35.96,100303,57.96,92.55
15/10/2023 1:19,35.85,100304,58.37,92.36
15/10/2023 1:20,35.89,100299,58.27,92.4
15/10/2023 1:21,35.89,100297,58.53,92.2
15/10/2023 1:22,35.35,100294,59.31,91.98
15/10/2023 1:23,35.66,100288,58.75,92.2
15/10/2023 1:24,35.64,100284,58.75,92.21
15/10/2023 1:25,36.01,100280,58.25,92.32
15/10/2023 1:26,35.84,100278,58.23,92.43
15/10/2023 1:27,35.52,100279,58.7,92.27
15/10/2023 1:28,35.66,100280,58.51,92.32
15/10/2023 1:29,35.72,100281,58.71,92.21
15/10/2023 1:30,35.94,100283,57.99,92.53
15/10/2023 1:31,35.82,100285,58.17,92.45
15/10/2023 1:32,35.69,100289,58.51,92.31
15/10/2023 1:33,35.78,100289,58.42,92.33
15/10/2023 1:34,35.94,100287,58.28,92.34
15/10/2023 1:35,35.53,100289,58.77,92.23
15/10/2023 1:36,35.74,100285,58.38,92.36
15/10/2023 1:37,35.9,100281,58.1,92.46
15/10/2023 1:38,36.19,100276,57.82,92.46
15/10/2023 1:39,36.16,100273,57.54,92.7
15/10/2023 1:40,35.83,100272,58.08,92.52
15/10/2023 1:41,35.96,100275,57.95,92.54
15/10/2023 1:42,35.93,100279,59.12,92.15
15/10/2023 1:43,36.25,100284,58.68,92.11
15/10/2023 1:44,35.74,100292,59.13,92.06
15/10/2023 1:45,35.62,100296,58.8,92.18
15/10/2023 1:46,35.55,100298,59.13,92.02
15/10/2023 1:47,36.05,100293,58.22,92.27
15/10/2023 1:48,35.76,100288,58.69,92.24
15/10/2023 1:49,35.57,100281,58.79,92.2
15/10/2023 1:50,35.63,100272,58.95,92.08
15/10/2023 1:51,36.01,100267,58.43,92.2
15/10/2023 1:52,36.02,100264,57.76,92.6
15/10/2023 1:53,35.9,100263,58.03,92.52
15/10/2023 1:54,36.27,100262,57.57,92.69
15/10/2023 1:55,36.4,100263,56.95,92.95
15/10/2023 1:56,36.34,100262,57.27,92.73
15/10/2023 1:57,36.14,100258,57.4,92.76
15/10/2023 1:58,35.93,100253,57.9,92.58
15/10/2023 1:59,36.19,100249,57.3,92.8
15/10/2023 2:00,36.4,100246,57.34,92.61
15/10/2023 2:01,36,100241,57.66,92.67
15/10/2023 2:02,36.14,100240,57.46,92.74
15/10/2023 2:03,36.28,100241,57.39,92.75
15/10/2023 2:04,36.82,100244,56.44,92.97
15/10/2023 2:05,36.33,100246,56.81,93.02
15/10/2023 2:06,36.58,100247,56.35,93.2
15/10/2023 2:07,36.53,100249,56.37,93.21
15/10/2023 2:08,36.31,100248,56.78,93.04
15/10/2023 2:09,36.5,100248,56.97,92.85
15/10/2023 2:10,36.68,100242,55.88,93.41
15/10/2023 2:11,36.52,100236,56.44,93.16
15/10/2023 2:12,36.49,100232,56.53,93.12
15/10/2023 2:13,36.76,100227,56.22,93.19
15/10/2023 2:14,36.52,100223,56.38,93.18
15/10/2023 2:15,36.52,100223,56.35,93.2
15/10/2023 2:16,36.28,100223,56.96,92.94
15/10/2023 2:17,36.57,100227,56.46,93.13
15/10/2023 2:18,36.29,100226,56.7,93.09
15/10/2023 2:19,36.51,100225,56.35,93.2
15/10/2023 2:20,36.03,100223,57.17,92.89
15/10/2023 2:21,36.13,100220,57.01,92.96
15/10/2023 2:22,36.56,100216,56.77,92.94
15/10/2023 2:23,36.38,100209,56.84,92.99
15/10/2023 2:24,36.02,100205,57.21,92.87
15/10/2023 2:25,35.92,100203,57.96,92.51
15/10/2023 2:26,36.41,100201,57.15,92.67
15/10/2023 2:27,36.37,100202,56.75,93.01
15/10/2023 2:28,36.47,100202,56.43,93.16
15/10/2023 2:29,36.32,100201,56.9,92.95
15/10/2023 2:30,36.63,100201,56.23,93.23
15/10/2023 2:31,36.18,100199,56.93,92.99
15/10/2023 2:32,35.48,100197,58.41,92.39
15/10/2023 2:33,35.96,100192,57.64,92.66
15/10/2023 2:34,36.37,100191,56.61,93.09
15/10/2023 2:35,36.48,100190,56.74,92.97
15/10/2023 2:36,36.46,100190,56.3,93.24
15/10/2023 2:37,36.34,100190,56.72,93.03
15/10/2023 2:38,36.26,100190,56.85,92.99
15/10/2023 2:39,35.91,100191,57.93,92.49
15/10/2023 2:40,35.77,100193,57.84,92.6
15/10/2023 2:41,36.09,100195,57.25,92.82
15/10/2023 2:42,36.09,100196,57.22,92.84
15/10/2023 2:43,36.79,100196,55.74,93.41
15/10/2023 2:44,36.43,100201,56.26,93.28
15/10/2023 2:45,35.95,100200,57.23,92.87
15/10/2023 2:46,35.42,100202,58.92,92.12
15/10/2023 2:47,35.37,100201,58.91,92.12
15/10/2023 2:48,36.19,100202,57.54,92.57
15/10/2023 2:49,36.26,100199,56.82,93
15/10/2023 2:50,35.35,100199,58.8,92.2
15/10/2023 2:51,35.66,100197,57.79,92.65
15/10/2023 2:52,36.16,100199,57.4,92.72
15/10/2023 2:53,36.04,100199,57.17,92.88
15/10/2023 2:54,36.14,100201,56.94,92.96
15/10/2023 2:55,35.79,100202,57.8,92.61
15/10/2023 2:56,35.74,100201,58.06,92.48
15/10/2023 2:57,35.93,100200,57.54,92.7
15/10/2023 2:58,36.13,100198,57.27,92.8
15/10/2023 2:59,36.18,100196,57.17,92.85
15/10/2023 3:00,36.29,100195,56.7,93.05
15/10/2023 3:01,36.42,100193,56.72,92.99
15/10/2023 3:02,36.22,100192,56.69,93.09
15/10/2023 3:03,36.49,100192,56.27,93.24
15/10/2023 3:04,36.48,100194,56.23,93.26
15/10/2023 3:05,36.87,100195,55.82,93.33
15/10/2023 3:06,36.31,100200,56.54,93.13
15/10/2023 3:07,35.94,100199,57.24,92.86
15/10/2023 3:08,35.92,100200,57.89,92.51
15/10/2023 3:09,35.86,100197,57.83,92.54
15/10/2023 3:10,36.07,100197,57.09,92.93
15/10/2023 3:11,35.94,100195,57.44,92.78
15/10/2023 3:12,36.09,100193,57.05,92.92
15/10/2023 3:13,36.12,100193,57.16,92.86
15/10/2023 3:14,36.03,100195,57.7,92.51
15/10/2023 3:15,36.13,100197,57.31,92.8
15/10/2023 3:16,36.04,100199,57.23,92.84
15/10/2023 3:17,35.75,100202,57.79,92.63
15/10/2023 3:18,36.09,100208,57.49,92.64
15/10/2023 3:19,36.14,100207,56.92,92.95
15/10/2023 3:20,36.31,100208,56.47,93.15
15/10/2023 3:21,36.21,100208,56.62,93.08
15/10/2023 3:22,36.37,100208,56.21,93.26
15/10/2023 3:23,36.45,100207,55.93,93.39
15/10/2023 3:24,36.27,100204,56.25,93.25
15/10/2023 3:25,36.19,100205,56.52,93.13
15/10/2023 3:26,36.28,100203,56.41,93.18
15/10/2023 3:27,36.48,100201,56.17,93.21
15/10/2023 3:28,36.14,100203,56.64,93.09
15/10/2023 3:29,35.92,100203,57.17,92.86
15/10/2023 3:30,35.6,100206,57.97,92.56
15/10/2023 3:31,35.84,100208,58,92.39
15/10/2023 3:32,35.85,100207,57.45,92.75
15/10/2023 3:33,36.11,100211,56.98,92.93
15/10/2023 3:34,36.18,100212,56.75,93.03
15/10/2023 3:35,36.31,100213,56.31,93.23
15/10/2023 3:36,36.24,100214,56.37,93.23
15/10/2023 3:37,36.35,100214,56.34,93.21
15/10/2023 3:38,36.51,100215,56.03,93.34
15/10/2023 3:39,36.41,100213,56.14,93.29
15/10/2023 3:40,36.64,100217,56.08,93.21
15/10/2023 3:41,36.12,100215,56.64,93.1
15/10/2023 3:42,36.11,100212,56.9,92.96
15/10/2023 3:43,35.99,100212,57.02,92.93
15/10/2023 3:44,36.27,100213,56.77,92.9
15/10/2023 3:45,36.28,100211,56.39,93.19
15/10/2023 3:46,35.82,100209,57.35,92.81
15/10/2023 3:47,36.1,100208,56.94,92.96
15/10/2023 3:48,36.05,100207,56.82,93.02
15/10/2023 3:49,35.91,100204,57.32,92.81
15/10/2023 3:50,35.98,100202,57.02,92.93
15/10/2023 3:51,36.07,100200,57.03,92.93
15/10/2023 3:52,36.06,100195,57.16,92.84
15/10/2023 3:53,36.43,100195,56.64,92.96
15/10/2023 3:54,36.41,100194,56.2,93.26
15/10/2023 3:55,36.2,100193,56.71,93.07
15/10/2023 3:56,36.09,100193,56.77,93.03
15/10/2023 3:57,36.34,100191,56.89,92.84
15/10/2023 3:58,36.06,100190,57.01,92.95
15/10/2023 3:59,35.65,100186,57.96,92.55
15/10/2023 4:00,35.79,100186,57.87,92.54
15/10/2023 4:01,35.96,100186,57.25,92.82
15/10/2023 4:02,36.4,100186,56.63,92.98
15/10/2023 4:03,36,100184,57.04,92.93
15/10/2023 4:04,36.12,100182,56.93,92.96
15/10/2023 4:05,36.01,100178,57.11,92.88
15/10/2023 4:06,36.35,100179,56.74,92.96
15/10/2023 4:07,35.8,100177,57.37,92.83
15/10/2023 4:08,35.73,100176,57.73,92.64
15/10/2023 4:09,35.73,100177,57.9,92.53
15/10/2023 4:10,35.75,100177,58.18,92.31
15/10/2023 4:11,35.54,100177,58.24,92.44
15/10/2023 4:12,35.69,100176,57.97,92.53
15/10/2023 4:13,35.87,100177,57.51,92.7
15/10/2023 4:14,35.94,100178,57.2,92.86
15/10/2023 4:15,36.34,100180,56.56,93.02
15/10/2023 4:16,36.2,100180,56.5,93.13
15/10/2023 4:17,36.12,100179,56.64,93.08
15/10/2023 4:18,36.16,100180,56.58,93.11
15/10/2023 4:19,36.37,100178,56.34,93.14
15/10/2023 4:20,35.81,100174,57.44,92.76
15/10/2023 4:21,35.84,100172,57.43,92.76
15/10/2023 4:22,35.94,100170,57.28,92.82
15/10/2023 4:23,35.88,100167,57.39,92.77
15/10/2023 4:24,36.09,100166,56.99,92.95
15/10/2023 4:25,35.92,100165,57.09,92.92
15/10/2023 4:26,35.99,100167,57.24,92.82
15/10/2023 4:27,35.78,100167,57.77,92.61
15/10/2023 4:28,36.17,100171,57.14,92.8
15/10/2023 4:29,36.01,100172,57.27,92.81
15/10/2023 4:30,35.93,100173,57.19,92.86
15/10/2023 4:31,36.13,100173,57.1,92.84
15/10/2023 4:32,36.26,100174,56.97,92.85
15/10/2023 4:33,36.04,100175,57.05,92.91
15/10/2023 4:34,35.93,100175,57.38,92.81
15/10/2023 4:35,35.83,100176,57.5,92.73
15/10/2023 4:36,35.97,100177,57.27,92.8
15/10/2023 4:37,35.47,100178,58.49,92.34
15/10/2023 4:38,35.17,100180,59.57,91.84
15/10/2023 4:39,34.72,100183,60.46,91.53
15/10/2023 4:40,34.71,100186,60.75,91.35
15/10/2023 4:41,34.76,100186,60.95,91.22
15/10/2023 4:42,34.45,100187,61.32,91.16
15/10/2023 4:43,34.47,100186,61.44,91.08
15/10/2023 4:44,34.47,100187,61.28,91.17
15/10/2023 4:45,34.68,100184,61.27,91.11
15/10/2023 4:46,34.35,100185,61.66,91
15/10/2023 4:47,34.17,100187,62.22,90.76
15/10/2023 4:48,34.78,100182,60.72,91.4
15/10/2023 4:49,34.48,100184,61.4,91.1
15/10/2023 4:50,34.51,100184,61.43,91.08
15/10/2023 4:51,34.71,100183,60.86,91.33
15/10/2023 4:52,35.25,100180,59.61,91.82
15/10/2023 4:53,35.63,100178,58.48,92.3
15/10/2023 4:54,36.15,100179,57.52,92.6
15/10/2023 4:55,35.99,100178,57.26,92.82
15/10/2023 4:56,35.83,100178,57.7,92.63
15/10/2023 4:57,35.68,100179,57.88,92.58
15/10/2023 4:58,35.97,100181,57.68,92.53
15/10/2023 4:59,35.41,100181,58.49,92.33
15/10/2023 5:00,34.59,100184,60.66,91.43
15/10/2023 5:01,34.66,100185,60.58,91.43
15/10/2023 5:02,34.5,100185,61.21,91.17
15/10/2023 5:03,34.98,100183,59.72,91.82
15/10/2023 5:04,34.38,100187,61.12,91.25
15/10/2023 5:05,34.61,100182,60.75,91.36
15/10/2023 5:06,34.76,100182,60.22,91.62
15/10/2023 5:07,34.6,100180,61.17,91.14
15/10/2023 5:08,34.09,100183,61.98,90.87
15/10/2023 5:09,34.44,100181,61.29,91.11
15/10/2023 5:10,34.01,100183,62.09,90.84
15/10/2023 5:11,34.5,100184,61.54,90.92
15/10/2023 5:12,33.86,100187,62.52,90.65
15/10/2023 5:13,34.41,100187,61.23,91.15
15/10/2023 5:14,34.38,100190,61.13,91.24
15/10/2023 5:15,34.69,100191,60.55,91.45
15/10/2023 5:16,34.95,100190,59.69,91.82
15/10/2023 5:17,34.44,100191,61.02,91.27
15/10/2023 5:18,34.62,100188,60.77,91.35
15/10/2023 5:19,35.07,100185,59.66,91.82
15/10/2023 5:20,35.37,100183,59.09,92
15/10/2023 5:21,34.86,100184,60.03,91.68
15/10/2023 5:22,35.1,100182,59.36,91.95
15/10/2023 5:23,34.76,100183,60.08,91.68
15/10/2023 5:24,34.69,100186,60.96,91.21
15/10/2023 5:25,34.01,100189,62.08,90.85
15/10/2023 5:26,34.23,100191,61.75,90.95
15/10/2023 5:27,34.25,100191,61.65,90.98
15/10/2023 5:28,34.65,100190,60.58,91.47
15/10/2023 5:29,34.36,100192,61.36,91.13
15/10/2023 5:30,34.62,100191,60.92,91.27
15/10/2023 5:31,34.11,100192,62.04,90.84
15/10/2023 5:32,34.41,100189,61.27,91.17
15/10/2023 5:33,35.12,100187,60,91.52
15/10/2023 5:34,34.45,100185,61.14,91.21
15/10/2023 5:35,34.6,100185,60.8,91.33
15/10/2023 5:36,34.85,100183,60.09,91.64
15/10/2023 5:37,35.28,100183,59.45,91.78
15/10/2023 5:38,35.25,100184,59.02,92.09
15/10/2023 5:39,35.23,100186,58.96,92.11
15/10/2023 5:40,35.27,100187,58.82,92.18
15/10/2023 5:41,35.38,100187,58.64,92.23
15/10/2023 5:42,35.32,100188,58.58,92.29
15/10/2023 5:43,35.26,100189,59.02,92.06
15/10/2023 5:44,35.22,100189,58.86,92.16
15/10/2023 5:45,35.17,100190,59.14,92.04
15/10/2023 5:46,35.6,100190,58.47,92.23
15/10/2023 5:47,35.59,100189,58.15,92.44
15/10/2023 5:48,35.61,100192,57.9,92.56
15/10/2023 5:49,35.86,100193,57.47,92.73
15/10/2023 5:50,35.93,100196,57.47,92.72
15/10/2023 5:51,35.58,100195,57.98,92.54
15/10/2023 5:52,35.83,100196,57.36,92.79
15/10/2023 5:53,35.8,100195,57.48,92.71
15/10/2023 5:54,35.62,100197,57.75,92.63
15/10/2023 5:55,35.65,100195,57.75,92.64
15/10/2023 5:56,35.7,100196,57.74,92.61
15/10/2023 5:57,35.68,100197,57.76,92.61
15/10/2023 5:58,35.75,100196,57.44,92.77
15/10/2023 5:59,35.92,100197,57.48,92.69
15/10/2023 6:00,35.62,100197,57.73,92.66
15/10/2023 6:01,35.5,100198,58.22,92.43
15/10/2023 6:02,35.62,100197,57.91,92.57
15/10/2023 6:03,35.9,100197,57.76,92.53
15/10/2023 6:04,35.87,100196,57.33,92.82
15/10/2023 6:05,35.71,100195,57.64,92.65
15/10/2023 6:06,35.59,100196,58.02,92.5
15/10/2023 6:07,35.74,100195,57.66,92.65
15/10/2023 6:08,36.04,100197,57.33,92.72
15/10/2023 6:09,35.76,100195,57.69,92.64
15/10/2023 6:10,35.59,100197,57.91,92.55
15/10/2023 6:11,35.68,100199,57.92,92.55
15/10/2023 6:12,35.81,100201,57.97,92.42
15/10/2023 6:13,35.42,100200,58.35,92.4
15/10/2023 6:14,35.5,100201,58.41,92.34
15/10/2023 6:15,35.35,100200,58.48,92.35
15/10/2023 6:16,35.8,100199,58.05,92.37
15/10/2023 6:17,35.38,100201,58.62,92.27
15/10/2023 6:18,35.47,100202,58.37,92.36
15/10/2023 6:19,35.44,100202,58.39,92.34
15/10/2023 6:20,35.54,100205,58.18,92.44
15/10/2023 6:21,35.96,100204,57.59,92.57
15/10/2023 6:22,35.56,100206,57.98,92.53
15/10/2023 6:23,35.64,100204,57.76,92.6
15/10/2023 6:24,35.52,100207,58.03,92.5
15/10/2023 6:25,35.69,100208,58.19,92.35
15/10/2023 6:26,35.72,100208,57.72,92.63
15/10/2023 6:27,35.57,100208,58.06,92.47
15/10/2023 6:28,35.88,100208,57.36,92.78
15/10/2023 6:29,35.98,100212,57.36,92.69
15/10/2023 6:30,35.74,100211,57.64,92.67
15/10/2023 6:31,35.49,100212,58.13,92.47
15/10/2023 6:32,35.54,100211,58.09,92.47
15/10/2023 6:33,35.47,100214,58.26,92.42
15/10/2023 6:34,35.94,100215,57.52,92.65
15/10/2023 6:35,35.59,100214,58.13,92.45
15/10/2023 6:36,35.84,100215,57.45,92.75
15/10/2023 6:37,35.62,100217,57.7,92.65
15/10/2023 6:38,36,100216,57.47,92.63
15/10/2023 6:39,35.88,100214,57.29,92.82
15/10/2023 6:40,35.79,100213,57.41,92.76
15/10/2023 6:41,35.89,100212,57.05,92.92
15/10/2023 6:42,35.88,100211,57.22,92.84
15/10/2023 6:43,35.78,100211,57.24,92.86
15/10/2023 6:44,35.7,100211,57.61,92.7
15/10/2023 6:45,35.47,100211,58.33,92.36
15/10/2023 6:46,35.45,100209,58.33,92.38
15/10/2023 6:47,35.64,100209,58.21,92.42
15/10/2023 6:48,35.57,100211,58.03,92.5
15/10/2023 6:49,35.42,100210,58.45,92.32
15/10/2023 6:50,35.37,100210,58.54,92.28
15/10/2023 6:51,35.64,100211,58.21,92.36
15/10/2023 6:52,35.33,100209,58.69,92.21
15/10/2023 6:53,35.33,100208,58.57,92.28
15/10/2023 6:54,35.52,100208,58.17,92.43
15/10/2023 6:55,35.11,100209,59.03,92.1
15/10/2023 6:56,35.33,100209,58.62,92.25
15/10/2023 6:57,35.38,100207,58.48,92.32
15/10/2023 6:58,35.18,100210,59.05,92.06
15/10/2023 6:59,35.36,100206,58.6,92.27
15/10/2023 7:00,35.62,100208,58.19,92.36
15/10/2023 7:01,35.21,100208,58.97,92.1
15/10/2023 7:02,35.32,100208,58.62,92.25
15/10/2023 7:03,35.36,100208,58.41,92.35
15/10/2023 7:04,35.54,100210,58.45,92.25
15/10/2023 7:05,35.21,100213,58.77,92.2
15/10/2023 7:06,35.64,100213,57.77,92.6
15/10/2023 7:07,35.71,100213,57.59,92.69
15/10/2023 7:08,35.5,100213,57.97,92.56
15/10/2023 7:09,35.73,100212,57.54,92.71
15/10/2023 7:10,35.7,100211,57.54,92.7
15/10/2023 7:11,35.66,100212,57.75,92.62
15/10/2023 7:12,35.48,100212,58.19,92.44
15/10/2023 7:13,35.46,100214,58.63,92.21
15/10/2023 7:14,35.53,100214,58.13,92.48
15/10/2023 7:15,35.74,100214,57.65,92.66
15/10/2023 7:16,35.44,100217,58.23,92.42
15/10/2023 7:17,35.69,100216,58.14,92.45
15/10/2023 7:18,35.69,100216,57.79,92.61
15/10/2023 7:19,35.63,100219,57.93,92.54
15/10/2023 7:20,35.66,100221,57.65,92.68
15/10/2023 7:21,35.63,100221,57.79,92.62
15/10/2023 7:22,35.84,100221,57.22,92.86
15/10/2023 7:23,35.65,100226,57.72,92.65
15/10/2023 7:24,35.61,100227,58.05,92.51
15/10/2023 7:25,35.57,100230,58.21,92.42
15/10/2023 7:26,35.96,100232,57.66,92.58
15/10/2023 7:27,35.28,100234,58.96,92.14
15/10/2023 7:28,35.27,100235,59.08,92.05
15/10/2023 7:29,35.6,100234,58.4,92.33
15/10/2023 7:30,35.78,100236,58.27,92.35
15/10/2023 7:31,35.76,100237,57.75,92.65
15/10/2023 7:32,35.44,100239,58.56,92.29
15/10/2023 7:33,35.48,100241,58.51,92.32
15/10/2023 7:34,35.42,100243,58.73,92.23
15/10/2023 7:35,35.58,100243,58.34,92.4
15/10/2023 7:36,35.57,100245,58.39,92.34
15/10/2023 7:37,35.35,100249,59.16,92.01
15/10/2023 7:38,35.2,100252,59.1,92.12
15/10/2023 7:39,35.43,100253,58.84,92.28
15/10/2023 7:40,35.31,100254,59.22,92
15/10/2023 7:41,35.13,100257,59.37,91.96
15/10/2023 7:42,35.08,100261,59.64,91.86
15/10/2023 7:43,35.35,100263,59.46,91.85
15/10/2023 7:44,35.17,100264,59.43,91.92
15/10/2023 7:45,35.05,100266,59.74,91.82
15/10/2023 7:46,35.05,100268,59.86,91.75
15/10/2023 7:47,35.25,100269,59.36,91.95
15/10/2023 7:48,35.42,100272,58.76,92.21
15/10/2023 7:49,35.4,100274,58.94,92.13
15/10/2023 7:50,35.4,100277,58.88,92.16
15/10/2023 7:51,35.23,100280,59.29,92
15/10/2023 7:52,35.47,100281,59.16,91.92
15/10/2023 7:53,35.55,100280,58.57,92.28
15/10/2023 7:54,35.69,100281,58.29,92.4
15/10/2023 7:55,35.58,100283,58.45,92.33
15/10/2023 7:56,35.88,100286,58.31,92.3
15/10/2023 7:57,35.58,100291,58.43,92.33
15/10/2023 7:58,35.42,100296,58.93,92.13
15/10/2023 7:59,35.36,100300,58.92,92.14
15/10/2023 8:00,34.95,100305,59.97,91.73
15/10/2023 8:01,35.28,100307,59.19,92.03
15/10/2023 8:02,35.17,100311,59.5,91.89
15/10/2023 8:03,35.42,100312,58.83,92.17
15/10/2023 8:04,35.42,100313,58.68,92.26
15/10/2023 8:05,35.79,100314,58.47,92.23
15/10/2023 8:06,35.6,100315,58.45,92.34
15/10/2023 8:07,35.44,100317,58.84,92.17
15/10/2023 8:08,35.53,100318,58.67,92.21
15/10/2023 8:09,35.49,100320,59.34,91.92
15/10/2023 8:10,35.42,100320,58.86,92.18
15/10/2023 8:11,35.44,100322,58.87,92.16
15/10/2023 8:12,35.71,100323,58.28,92.39
15/10/2023 8:13,35.84,100324,58.03,92.5
15/10/2023 8:14,35.74,100326,58.04,92.51
15/10/2023 8:15,35.66,100325,58.43,92.32
15/10/2023 8:16,35.61,100327,58.5,92.29
15/10/2023 8:17,35.77,100328,58.04,92.52
15/10/2023 8:18,35.79,100329,58.43,92.17
15/10/2023 8:19,34.92,100331,60.01,91.67
15/10/2023 8:20,35.38,100330,58.96,92.14
15/10/2023 8:21,35.57,100331,58.47,92.31
15/10/2023 8:22,35.3,100333,59.51,91.82
15/10/2023 8:23,35.21,100332,59.35,91.97
15/10/2023 8:24,34.69,100335,60.48,91.49
15/10/2023 8:25,34.47,100335,60.94,91.31
15/10/2023 8:26,34.57,100337,60.83,91.34
15/10/2023 8:27,34.68,100339,60.84,91.29
15/10/2023 8:28,34.5,100341,61,91.28
15/10/2023 8:29,34.61,100342,60.69,91.39
15/10/2023 8:30,34.38,100344,61.33,91.11
15/10/2023 8:31,34.91,100347,60.31,91.45
15/10/2023 8:32,34.65,100347,60.49,91.48
15/10/2023 8:33,34.35,100349,61.22,91.19
15/10/2023 8:34,34.32,100349,61.41,91.1
15/10/2023 8:35,34.59,100347,61.12,91.15
15/10/2023 8:36,34.53,100347,60.75,91.38
15/10/2023 8:37,34.7,100347,60.29,91.57
15/10/2023 8:38,34.64,100347,60.5,91.47
15/10/2023 8:39,34.64,100348,60.45,91.47
15/10/2023 8:40,34.96,100350,60.36,91.4
15/10/2023 8:41,34.6,100350,60.64,91.42
15/10/2023 8:42,34.36,100351,61.31,91.12
15/10/2023 8:43,34.51,100352,61.22,91.13
15/10/2023 8:44,34.7,100354,60.93,91.24
15/10/2023 8:45,34.61,100356,60.61,91.43
15/10/2023 8:46,34.59,100358,60.68,91.41
15/10/2023 8:47,34.58,100360,60.91,91.28
15/10/2023 8:48,35.09,100363,59.68,91.8
15/10/2023 8:49,34.92,100365,59.81,91.77
15/10/2023 8:50,34.96,100364,59.83,91.73
15/10/2023 8:51,34.84,100364,59.95,91.72
15/10/2023 8:52,34.66,100366,60.51,91.47
15/10/2023 8:53,35.13,100368,59.72,91.75
15/10/2023 8:54,35.01,100368,59.58,91.87
15/10/2023 8:55,35.09,100370,59.42,91.93
15/10/2023 8:56,35.33,100372,59.06,92.04
15/10/2023 8:57,35.63,100374,58.6,92.14
15/10/2023 8:58,35.42,100375,58.51,92.33
15/10/2023 8:59,35.01,100374,59.57,91.88
15/10/2023 9:00,35.38,100374,58.76,92.2
15/10/2023 9:01,35.26,100375,58.95,92.12
15/10/2023 9:02,35.29,100377,58.9,92.18
15/10/2023 9:03,35.28,100378,59.18,92.04
15/10/2023 9:04,35.28,100380,58.99,92.1
15/10/2023 9:05,35.28,100384,59.14,92.02
15/10/2023 9:06,35.53,100387,58.73,92.18
15/10/2023 9:07,35.48,100388,58.6,92.25
15/10/2023 9:08,35.45,100389,58.58,92.28
15/10/2023 9:09,35.39,100390,58.78,92.2
15/10/2023 9:10,35.64,100394,58.76,92.06
15/10/2023 9:11,35.49,100393,58.66,92.25
15/10/2023 9:12,35.63,100394,58.4,92.35
15/10/2023 9:13,35.39,100396,58.86,92.17
15/10/2023 9:14,35.52,100399,58.7,92.22
15/10/2023 9:15,35.37,100402,58.8,92.21
15/10/2023 9:16,35.33,100404,59.15,92.02
15/10/2023 9:17,35.72,100406,58.17,92.46
15/10/2023 9:18,35.56,100409,58.48,92.33
15/10/2023 9:19,35.51,100412,58.8,92.14
15/10/2023 9:20,34.8,100415,60.22,91.61
15/10/2023 9:21,34.64,100417,60.72,91.41
15/10/2023 9:22,35.16,100417,59.66,91.81
15/10/2023 9:23,35.59,100416,58.94,92.03
15/10/2023 9:24,35.26,100419,59.06,92.11
15/10/2023 9:25,34.76,100419,60.38,91.55
15/10/2023 9:26,34.57,100423,60.97,91.29
15/10/2023 9:27,34.6,100424,61.02,91.24
15/10/2023 9:28,34.6,100424,60.84,91.36
15/10/2023 9:29,34.85,100423,60.41,91.51
15/10/2023 9:30,34.93,100423,60.3,91.54
15/10/2023 9:31,35.12,100422,59.56,91.88
15/10/2023 9:32,35.47,100427,59.2,91.97
15/10/2023 9:33,34.93,100424,60.12,91.61
15/10/2023 9:34,34.65,100425,60.52,91.47
15/10/2023 9:35,34.76,100425,60.33,91.53
15/10/2023 9:36,35.03,100424,60.01,91.59
15/10/2023 9:37,34.71,100426,60.23,91.62
15/10/2023 9:38,34.66,100427,60.56,91.44
15/10/2023 9:39,34.84,100424,60.44,91.48
15/10/2023 9:40,34.61,100425,60.78,91.36
15/10/2023 9:41,34.7,100423,60.72,91.39
15/10/2023 9:42,34.9,100423,60.26,91.55
15/10/2023 9:43,35.12,100422,59.67,91.81
15/10/2023 9:44,35.24,100423,59.33,91.94
15/10/2023 9:45,35.37,100422,59.3,91.84
15/10/2023 9:46,35,100421,59.82,91.74
15/10/2023 9:47,34.72,100421,60.53,91.46
15/10/2023 9:48,34.74,100420,60.49,91.47
15/10/2023 9:49,35.18,100419,59.75,91.71
15/10/2023 9:50,34.88,100419,60.14,91.64
15/10/2023 9:51,34.94,100418,60.13,91.64
15/10/2023 9:52,35.2,100419,59.78,91.76
15/10/2023 9:53,34.88,100415,60.42,91.51
15/10/2023 9:54,35.02,100416,60.21,91.59
15/10/2023 9:55,35.02,100412,59.86,91.76
15/10/2023 9:56,34.61,100413,60.68,91.39
15/10/2023 9:57,34.47,100410,60.93,91.3
15/10/2023 9:58,34.88,100408,60.74,91.2
15/10/2023 9:59,34.82,100405,60.27,91.59
15/10/2023 10:00,35.1,100405,59.71,91.8
15/10/2023 10:01,35,100403,59.89,91.74
15/10/2023 10:02,35.15,100405,59.87,91.72
15/10/2023 10:03,35.2,100403,59.34,91.99
15/10/2023 10:04,35.07,100401,59.69,91.82
15/10/2023 10:05,35.24,100403,59.35,91.96
15/10/2023 10:06,35.31,100402,59.33,91.96
15/10/2023 10:07,35.32,100403,59.21,92.03
15/10/2023 10:08,35.44,100401,59.15,91.99
15/10/2023 10:09,35.65,100402,58.24,92.39
15/10/2023 10:10,35.43,100400,58.66,92.23
15/10/2023 10:11,35.84,100399,58.02,92.41
15/10/2023 10:12,35.11,100400,59.14,92.08
15/10/2023 10:13,35.35,100402,59.13,92.04
15/10/2023 10:14,35,100399,59.94,91.71
15/10/2023 10:15,35.26,100401,59.78,91.69
15/10/2023 10:16,35.42,100399,59.16,92.03
15/10/2023 10:17,35.12,100401,59.62,91.86
15/10/2023 10:18,35.56,100401,58.86,92.13
15/10/2023 10:19,35.49,100399,58.89,92.12
15/10/2023 10:20,35.68,100399,57.88,92.61
15/10/2023 10:21,35.06,100398,59.38,91.94
15/10/2023 10:22,35.07,100395,58.94,92.14
15/10/2023 10:23,35.11,100396,59.13,92.04
15/10/2023 10:24,35.46,100395,58.5,92.25
15/10/2023 10:25,35.12,100393,59.02,92.12
15/10/2023 10:26,34.99,100391,58.82,92.2
15/10/2023 10:27,35.11,100391,58.92,92.12
15/10/2023 10:28,35.3,100387,58.6,92.23
15/10/2023 10:29,35.4,100386,58.52,92.27
15/10/2023 10:30,35.27,100385,58.56,92.3
15/10/2023 10:31,35.03,100384,59.11,92.06
15/10/2023 10:32,34.84,100383,59.56,91.87
15/10/2023 10:33,35.1,100383,59.03,92.03
15/10/2023 10:34,34.93,100383,59.23,92.01
15/10/2023 10:35,35.04,100383,59.32,91.96
15/10/2023 10:36,35.32,100382,58.75,92.19
15/10/2023 10:37,35.47,100382,58.88,92.07
15/10/2023 10:38,35.4,100380,58.76,92.18
15/10/2023 10:39,35.12,100381,58.71,92.23
15/10/2023 10:40,35.63,100380,57.59,92.66
15/10/2023 10:41,35.62,100383,57.63,92.53
15/10/2023 10:42,35.44,100381,57.54,92.71
15/10/2023 10:43,35.26,100381,58.34,92.37
15/10/2023 10:44,35.43,100380,57.53,92.74
15/10/2023 10:45,35.85,100378,56.68,93.05
15/10/2023 10:46,36.06,100379,56.25,93.17
15/10/2023 10:47,36.02,100376,56.23,93.23
15/10/2023 10:48,35.9,100373,55.87,93.38
15/10/2023 10:49,35.69,100375,56.28,93.23
15/10/2023 10:50,35.93,100375,56.18,93.22
15/10/2023 10:51,35.59,100374,56.39,93.2
15/10/2023 10:52,35.77,100375,56.4,93.17
15/10/2023 10:53,35.45,100377,57.09,92.9
15/10/2023 10:54,35.63,100374,56.62,93.11
15/10/2023 10:55,36.25,100375,55.59,93.52
15/10/2023 10:56,35.95,100376,56.33,93.19
15/10/2023 10:57,36.19,100374,55.92,93.37
15/10/2023 10:58,35.65,100374,57.08,92.88
15/10/2023 10:59,35.74,100372,57.17,92.76
15/10/2023 11:00,34.96,100374,58.7,92.23
15/10/2023 11:01,35.02,100375,58.86,92.15
15/10/2023 11:02,35,100373,58.84,92.19
15/10/2023 11:03,35.17,100373,58.8,92.08
15/10/2023 11:04,34.83,100371,59.31,91.96
15/10/2023 11:05,34.94,100369,58.68,92.25
15/10/2023 11:06,35.15,100367,57.98,92.54
15/10/2023 11:07,34.91,100366,58.37,92.33
15/10/2023 11:08,34.96,100362,57.96,92.56
15/10/2023 11:09,34.96,100362,58.2,92.43
15/10/2023 11:10,35.11,100361,57.98,92.51
15/10/2023 11:11,35.15,100360,57.48,92.72
15/10/2023 11:12,35.14,100364,57.83,92.53
15/10/2023 11:13,34.85,100363,58.51,92.28
15/10/2023 11:14,34.95,100365,58.56,92.26
15/10/2023 11:15,35.07,100365,58.18,92.43
15/10/2023 11:16,35.23,100366,58.4,92.3
15/10/2023 11:17,34.8,100366,58.85,92.19
15/10/2023 11:18,35.09,100368,58.78,92.17
15/10/2023 11:19,35.69,100365,57.32,92.78
15/10/2023 11:20,35.34,100368,57.5,92.75
15/10/2023 11:21,35.35,100366,57.46,92.76
15/10/2023 11:22,35.01,100366,58.17,92.46
15/10/2023 11:23,35.25,100366,57.75,92.63
15/10/2023 11:24,35.01,100365,58.78,92.18
15/10/2023 11:25,35.74,100362,56.96,92.83
15/10/2023 11:26,35.22,100364,57.35,92.8
15/10/2023 11:27,34.97,100363,57.73,92.63
15/10/2023 11:28,34.95,100362,58.38,92.39
15/10/2023 11:29,35.45,100364,57.29,92.66
15/10/2023 11:30,35.02,100359,57.81,92.59
15/10/2023 11:31,35.27,100357,57.4,92.78
15/10/2023 11:32,35.07,100353,57.98,92.51
15/10/2023 11:33,34.99,100350,58.31,92.38
15/10/2023 11:34,35.14,100348,58.13,92.46
15/10/2023 11:35,35.57,100345,57.18,92.84
15/10/2023 11:36,35.5,100343,57.12,92.87
15/10/2023 11:37,35.11,100341,57.91,92.57
15/10/2023 11:38,35.76,100336,56.75,92.93
15/10/2023 11:39,35.56,100335,56.79,93.03
15/10/2023 11:40,35.92,100334,56.44,93.16
15/10/2023 11:41,35.84,100333,56.1,93.32
15/10/2023 11:42,35.49,100332,57.33,92.74
15/10/2023 11:43,35.23,100334,57.45,92.76
15/10/2023 11:44,35.19,100334,58.07,92.51
15/10/2023 11:45,35.18,100334,58.49,92.31
15/10/2023 11:46,35.14,100334,58.57,92.26
15/10/2023 11:47,35.87,100332,56.61,93.08
15/10/2023 11:48,36.2,100331,55.32,93.64
15/10/2023 11:49,35.77,100332,56.44,93.19
15/10/2023 11:50,35.67,100334,56.6,93.12
15/10/2023 11:51,35.97,100334,56.63,92.95
15/10/2023 11:52,35.45,100337,57.4,92.8
15/10/2023 11:53,35.58,100337,57.23,92.81
15/10/2023 11:54,35.24,100340,57.83,92.61
15/10/2023 11:55,35.7,100339,57.47,92.63
15/10/2023 11:56,35.57,100340,56.99,92.95
15/10/2023 11:57,35.12,100342,57.81,92.62
15/10/2023 11:58,35.54,100342,57.33,92.79
15/10/2023 11:59,35.79,100341,56.76,93.01
15/10/2023 12:00,36.32,100338,55.53,93.53
15/10/2023 12:01,35.8,100341,56.48,93.18
15/10/2023 12:02,35.68,100342,57.09,92.9
15/10/2023 12:03,35.69,100343,57.15,92.89
15/10/2023 12:04,36.11,100342,57.02,92.75
15/10/2023 12:05,35.46,100343,57.84,92.59
15/10/2023 12:06,35.6,100341,57.05,92.9
15/10/2023 12:07,35.73,100340,56.35,93.19
15/10/2023 12:08,35.69,100339,55.94,93.32
15/10/2023 12:09,35.34,100341,56.37,93.21
15/10/2023 12:10,35.4,100338,56.78,93.01
15/10/2023 12:11,35.69,100335,55.67,93.53
15/10/2023 12:12,35.47,100336,56.83,92.98
15/10/2023 12:13,35.35,100335,56.67,93.12
15/10/2023 12:14,35.26,100333,57.36,92.8
15/10/2023 12:15,35.48,100331,57.13,92.87
15/10/2023 12:16,35.51,100329,57.39,92.77
15/10/2023 12:17,35.77,100328,56.86,92.89
15/10/2023 12:18,35.34,100329,57.46,92.75
15/10/2023 12:19,35.42,100323,57.9,92.52
15/10/2023 12:20,36.32,100319,55.65,93.45
15/10/2023 12:21,36.25,100315,56.11,93.27
15/10/2023 12:22,35.98,100315,56.74,93.04
15/10/2023 12:23,35.89,100315,57.28,92.82
15/10/2023 12:24,35.7,100313,57.65,92.69
15/10/2023 12:25,36.21,100308,56,93.36
15/10/2023 12:26,36.35,100306,56.13,93.29
15/10/2023 12:27,36.36,100301,55.03,93.81
15/10/2023 12:28,35.86,100300,56.68,93.07
15/10/2023 12:29,36.45,100295,54.99,93.78
15/10/2023 12:30,36.85,100297,54.4,93.97
15/10/2023 12:31,36.39,100291,55.26,93.67
15/10/2023 12:32,36.07,100292,55.97,93.4
15/10/2023 12:33,36,100290,56.3,93.23
15/10/2023 12:34,35.79,100289,56.98,92.93
15/10/2023 12:35,35.65,100284,56.96,92.95
15/10/2023 12:36,35.68,100282,57.17,92.87
15/10/2023 12:37,35.69,100280,57.5,92.72
15/10/2023 12:38,35.99,100277,56.59,93.15
15/10/2023 12:39,35.77,100278,57.71,92.56
15/10/2023 12:40,35.44,100277,58.23,92.42
15/10/2023 12:41,35.5,100273,58.01,92.52
15/10/2023 12:42,35.91,100268,56.98,92.94
15/10/2023 12:43,35.86,100266,57.25,92.73
15/10/2023 12:44,36,100263,56.67,93.07
15/10/2023 12:45,35.55,100263,57.59,92.69
15/10/2023 12:46,35.84,100263,57.3,92.77
15/10/2023 12:47,36.08,100263,56.97,92.87
15/10/2023 12:48,36.08,100261,56.41,93.19
15/10/2023 12:49,36.02,100259,56.76,93.02
15/10/2023 12:50,35.96,100258,56.65,93.06
15/10/2023 12:51,35.8,100255,56.89,92.98
15/10/2023 12:52,35.83,100256,57.12,92.82
15/10/2023 12:53,35.73,100253,57.15,92.87
15/10/2023 12:54,35.67,100252,56.7,93.06
15/10/2023 12:55,35.76,100251,55.94,93.39
15/10/2023 12:56,35.95,100248,56.52,93.12
15/10/2023 12:57,35.8,100246,56.59,93.11
15/10/2023 12:58,35.8,100247,56.91,92.95
15/10/2023 12:59,35.83,100244,56.49,93.15
15/10/2023 13:00,36.43,100244,56.11,93.14
15/10/2023 13:01,35.99,100238,56.32,93.25
15/10/2023 13:02,36.25,100237,56.02,93.33
15/10/2023 13:03,36.31,100236,55.42,93.61
15/10/2023 13:04,36.75,100234,54.13,94.15
15/10/2023 13:05,37.29,100231,53.48,94.26
15/10/2023 13:06,36.67,100231,54.5,93.97
15/10/2023 13:07,36.2,100230,56.03,93.36
15/10/2023 13:08,36.04,100228,56.08,93.34
15/10/2023 13:09,36.33,100224,56.02,93.29
15/10/2023 13:10,36.51,100221,55.07,93.73
15/10/2023 13:11,36.66,100218,54.92,93.8
15/10/2023 13:12,36.47,100217,55.08,93.73
15/10/2023 13:13,36.41,100213,55.03,93.75
15/10/2023 13:14,36.37,100213,54.69,93.94
15/10/2023 13:15,36.35,100209,55.08,93.74
15/10/2023 13:16,36.74,100205,54.24,94.09
15/10/2023 13:17,36.82,100201,54.09,94.13
15/10/2023 13:18,37.23,100199,53.12,94.5
15/10/2023 13:19,36.78,100198,53.57,94.38
15/10/2023 13:20,36.77,100195,53.67,94.31
15/10/2023 13:21,37.13,100190,52.73,94.71
15/10/2023 13:22,36.94,100191,53.73,94.09
15/10/2023 13:23,36.68,100193,53.65,94.33
15/10/2023 13:24,36.73,100193,53.75,94.29
15/10/2023 13:25,36.75,100194,54.03,94.15
15/10/2023 13:26,36.86,100193,53.76,94.27
15/10/2023 13:27,36.94,100192,53.55,94.37
15/10/2023 13:28,36.52,100191,53.68,94.35
15/10/2023 13:29,36.88,100187,52.82,94.69
15/10/2023 13:30,36.95,100184,52.61,94.72
15/10/2023 13:31,37.17,100186,51.65,95.02
15/10/2023 13:32,36.57,100187,52.91,94.62
15/10/2023 13:33,36.68,100184,52.61,94.76
15/10/2023 13:34,36.95,100180,51.65,95.17
15/10/2023 13:35,37.29,100181,51.75,95.04
15/10/2023 13:36,37.25,100179,51.33,95.29
15/10/2023 13:37,36.96,100176,52.39,94.83
15/10/2023 13:38,37.34,100171,51.7,95.11
15/10/2023 13:39,36.97,100171,52.2,94.96
15/10/2023 13:40,37.04,100168,52.17,94.96
15/10/2023 13:41,36.41,100168,53.16,94.54
15/10/2023 13:42,36.84,100163,52.89,94.61
15/10/2023 13:43,36.34,100164,53.7,94.29
15/10/2023 13:44,36.84,100159,53.07,94.47
15/10/2023 13:45,36.78,100156,52.77,94.69
15/10/2023 13:46,36.64,100154,52.65,94.77
15/10/2023 13:47,36.71,100152,52.69,94.74
15/10/2023 13:48,36.83,100152,52.86,94.62
15/10/2023 13:49,36.53,100149,53.26,94.49
15/10/2023 13:50,36.45,100146,53.36,94.45
15/10/2023 13:51,36.67,100147,52.8,94.69
15/10/2023 13:52,36.55,100145,53.66,94.31
15/10/2023 13:53,36.44,100141,53.05,94.6
15/10/2023 13:54,36.48,100140,53.28,94.47
15/10/2023 13:55,36.36,100140,53.52,94.39
15/10/2023 13:56,36.96,100137,52.44,94.81
15/10/2023 13:57,37.04,100132,52.37,94.85
15/10/2023 13:58,37.09,100129,51.87,95.09
15/10/2023 13:59,36.89,100127,52.37,94.85
15/10/2023 14:00,36.67,100127,52.98,94.59
15/10/2023 14:01,36.86,100126,52.78,94.68
15/10/2023 14:02,36.5,100123,53.3,94.48
15/10/2023 14:03,36.72,100122,52.97,94.61
15/10/2023 14:04,36.61,100123,53.16,94.54
15/10/2023 14:05,36.43,100120,53.79,94.27
15/10/2023 14:06,36.78,100120,53.24,94.5
15/10/2023 14:07,36.76,100119,53.1,94.58
15/10/2023 14:08,36.86,100118,53.12,94.54
15/10/2023 14:09,37.27,100116,52.38,94.84
15/10/2023 14:10,37.57,100113,51.53,95.1
15/10/2023 14:11,37.22,100113,51.72,95.15
15/10/2023 14:12,37.53,100112,51.13,95.37
15/10/2023 14:13,37,100113,52.52,94.78
15/10/2023 14:14,36.85,100118,52.83,94.64
15/10/2023 14:15,37.08,100112,52.42,94.83
15/10/2023 14:16,37.29,100110,52.26,94.89
15/10/2023 14:17,37.03,100111,52.36,94.89
15/10/2023 14:18,37.1,100110,52.39,94.85
15/10/2023 14:19,37.44,100105,51.54,95.23
15/10/2023 14:20,37.28,100103,51.41,95.29
15/10/2023 14:21,37.6,100101,51.32,95.26
15/10/2023 14:22,37.31,100099,51.3,95.32
15/10/2023 14:23,37.14,100099,52,94.95
15/10/2023 14:24,37.05,100095,51.56,95.19
15/10/2023 14:25,36.92,100093,52.04,95
15/10/2023 14:26,37.25,100089,51.5,95.23
15/10/2023 14:27,37.24,100088,51.8,95.22
15/10/2023 14:28,37.42,100085,51.64,95.13
15/10/2023 14:29,37.59,100084,51.2,95.38
15/10/2023 14:30,37.25,100079,51.87,95.1
15/10/2023 14:31,37.05,100080,52.35,94.88
15/10/2023 14:32,36.64,100081,52.98,94.64
15/10/2023 14:33,36.59,100078,53.14,94.54
15/10/2023 14:34,36.98,100073,52.55,94.76
15/10/2023 14:35,36.83,100071,52.78,94.7
15/10/2023 14:36,36.62,100073,53.63,94.26
15/10/2023 14:37,36.8,100067,53.18,94.51
15/10/2023 14:38,37.16,100063,52.03,95
15/10/2023 14:39,37.38,100063,51.73,95.1
15/10/2023 14:40,37.24,100061,52.04,94.97
15/10/2023 14:41,36.51,100065,53.43,94.46
15/10/2023 14:42,36,100062,54.71,93.91
15/10/2023 14:43,35.94,100061,55.09,93.74
15/10/2023 14:44,36.09,100059,55.11,93.71
15/10/2023 14:45,36.53,100057,54.33,94.03
15/10/2023 14:46,37.21,100053,52.7,94.72
15/10/2023 14:47,36.92,100051,53.24,94.5
15/10/2023 14:48,36.72,100051,52.81,94.68
15/10/2023 14:49,37.03,100045,52.2,94.83
15/10/2023 14:50,36.98,100045,51.69,95.16
15/10/2023 14:51,36.46,100045,52.61,94.79
15/10/2023 14:52,36.63,100044,52.45,94.85
15/10/2023 14:53,37.08,100042,52.04,94.88
15/10/2023 14:54,36.8,100043,52.6,94.78
15/10/2023 14:55,37.09,100043,52.22,94.93
15/10/2023 14:56,37.23,100042,51.84,95.09
15/10/2023 14:57,36.49,100044,52.94,94.65
15/10/2023 14:58,37.04,100041,52.63,94.69
15/10/2023 14:59,36.88,100038,52.68,94.72
15/10/2023 15:00,37.52,100040,51.67,95.11
15/10/2023 15:01,36.72,100038,52.86,94.67
15/10/2023 15:02,36.81,100037,53.27,94.46
15/10/2023 15:03,37.01,100033,52.83,94.64
15/10/2023 15:04,37.03,100032,52.65,94.74
15/10/2023 15:05,36.77,100031,53,94.62
15/10/2023 15:06,37.39,100030,51.96,94.93
15/10/2023 15:07,36.74,100027,52.74,94.73
15/10/2023 15:08,36.7,100023,52.84,94.69
15/10/2023 15:09,36.24,100026,53.86,94.26
15/10/2023 15:10,36.55,100025,53.34,94.47
15/10/2023 15:11,36.79,100025,53.53,94.33
15/10/2023 15:12,36.61,100022,53.72,94.3
15/10/2023 15:13,36.28,100022,53.57,94.37
15/10/2023 15:14,36.31,100019,53.65,94.35
15/10/2023 15:15,37.22,100020,52.44,94.71
15/10/2023 15:16,36.15,100019,53.83,94.3
15/10/2023 15:17,35.92,100019,54.61,93.94
15/10/2023 15:18,36.14,100017,54.37,94.02
15/10/2023 15:19,35.95,100015,54.77,93.86
15/10/2023 15:20,36.18,100016,54.13,94.12
15/10/2023 15:21,35.87,100013,54.53,93.95
15/10/2023 15:22,35.9,100010,54.99,93.75
15/10/2023 15:23,36.91,100004,52.81,94.64
15/10/2023 15:24,37.21,100004,52.43,94.66
15/10/2023 15:25,36.89,100002,52.38,94.86
15/10/2023 15:26,36.79,99998,52.8,94.67
15/10/2023 15:27,36.31,99997,53.71,94.32
15/10/2023 15:28,36.47,99995,53.93,94.14
15/10/2023 15:29,36.18,99988,54.45,94
15/10/2023 15:30,36.33,99981,54.22,94.1
15/10/2023 15:31,36.59,99975,53.67,94.31
15/10/2023 15:32,36.51,99969,53.85,94.27
15/10/2023 15:33,36.43,99965,53.96,94.22
15/10/2023 15:34,36.09,99962,54.79,93.87
15/10/2023 15:35,36.63,99957,53.46,94.4
15/10/2023 15:36,36.64,99955,53.54,94.36
15/10/2023 15:37,37.13,99954,52.57,94.73
15/10/2023 15:38,36.63,99950,52.83,94.67
15/10/2023 15:39,36.63,99951,53,94.59
15/10/2023 15:40,36.99,99951,52.32,94.86
15/10/2023 15:41,37.54,99949,51.62,95.05
15/10/2023 15:42,36.76,99950,52.69,94.75
15/10/2023 15:43,36.26,99949,53.97,94.21
15/10/2023 15:44,36.41,99948,53.99,94.17
15/10/2023 15:45,36.26,99947,54.27,94.08
15/10/2023 15:46,36.25,99944,54.52,93.98
15/10/2023 15:47,36.22,99940,54.6,93.94
15/10/2023 15:48,36.57,99940,53.69,94.32
15/10/2023 15:49,36.84,99940,53.29,94.45
15/10/2023 15:50,36.9,99938,53.26,94.45
15/10/2023 15:51,36.84,99938,53.23,94.5
15/10/2023 15:52,37.16,99937,52.02,95.01
15/10/2023 15:53,36.84,99937,52.75,94.69
15/10/2023 15:54,37.18,99938,52.35,94.77
15/10/2023 15:55,36.79,99938,52.52,94.81
15/10/2023 15:56,36.81,99938,52.17,95
15/10/2023 15:57,36.44,99937,53.4,94.43
15/10/2023 15:58,36.4,99935,53.42,94.43
15/10/2023 15:59,36.38,99938,53.56,94.39
15/10/2023 16:00,36.42,99937,53.63,94.36
15/10/2023 16:01,36.37,99938,53.85,94.24
15/10/2023 16:02,36.16,99938,54.56,93.94
15/10/2023 16:03,36.71,99939,53.71,94.21
15/10/2023 16:04,36.23,99938,54.31,94.05
15/10/2023 16:05,36.52,99936,54.1,94.13
15/10/2023 16:06,36.35,99935,54.13,94.14
15/10/2023 16:07,36.34,99936,54.59,93.88
15/10/2023 16:08,36.35,99938,54.77,93.85
15/10/2023 16:09,36.43,99940,54.51,93.96
15/10/2023 16:10,36.51,99942,54.31,94.05
15/10/2023 16:11,36.4,99943,54.42,94
15/10/2023 16:12,36.52,99946,53.95,94.21
15/10/2023 16:13,36.44,99946,54.33,94.06
15/10/2023 16:14,36.34,99945,54.94,93.77
15/10/2023 16:15,36.38,99944,54.36,94.04
15/10/2023 16:16,36.83,99945,53.92,94.07
15/10/2023 16:17,36.36,99940,54.69,93.91
15/10/2023 16:18,36.34,99938,54.89,93.81
15/10/2023 16:19,36.68,99936,53.97,94.2
15/10/2023 16:20,36.68,99933,54.19,94.01
15/10/2023 16:21,36.41,99929,54.46,94
15/10/2023 16:22,36.51,99926,54.47,93.97
15/10/2023 16:23,36.32,99923,54.21,94.11
15/10/2023 16:24,36.01,99927,55.25,93.66
15/10/2023 16:25,36.25,99924,54.83,93.84
15/10/2023 16:26,36.68,99925,53.92,94.23
15/10/2023 16:27,36.77,99925,53.55,94.37
15/10/2023 16:28,36.7,99924,53.65,94.33
15/10/2023 16:29,36.96,99926,53.6,94.22
15/10/2023 16:30,36.41,99924,54.49,93.96
15/10/2023 16:31,36.45,99923,54.44,94
15/10/2023 16:32,36.46,99925,54.52,93.95
15/10/2023 16:33,36.77,99928,54.02,94.04
15/10/2023 16:34,36.57,99928,54.11,94.14
15/10/2023 16:35,36.45,99928,54.32,94.05
15/10/2023 16:36,36.62,99933,54.24,94.07
15/10/2023 16:37,36.75,99930,54.13,94.13
15/10/2023 16:38,36.82,99933,53.7,94.32
15/10/2023 16:39,37.28,99927,52.81,94.6
15/10/2023 16:40,36.73,99931,53.1,94.57
15/10/2023 16:41,36.8,99926,52.32,94.9
15/10/2023 16:42,37.39,99923,51.3,95.15
15/10/2023 16:43,36.52,99924,51.45,95.25
15/10/2023 16:44,37.12,99923,49.94,95.87
15/10/2023 16:45,37.3,99921,49.24,96.16
15/10/2023 16:46,36.95,99919,49.73,95.85
15/10/2023 16:47,36.86,99918,49.56,96.01
15/10/2023 16:48,36.74,99917,49.5,96.02
15/10/2023 16:49,36.3,99919,49.98,95.86
15/10/2023 16:50,36.35,99921,49.84,95.89
15/10/2023 16:51,36.45,99927,49.24,96.19
15/10/2023 16:52,36.74,99932,48.4,96.49
15/10/2023 16:53,36.72,99937,48.37,96.52
15/10/2023 16:54,36.67,99942,47.97,96.71
15/10/2023 16:55,36.75,99943,48.11,96.51
15/10/2023 16:56,36.66,99943,47.87,96.75
15/10/2023 16:57,36.46,99944,48.53,96.44
15/10/2023 16:58,36.11,99948,49.12,96.23
15/10/2023 16:59,36.52,99949,48.65,96.35
15/10/2023 17:00,36.61,99948,47.78,96.8
15/10/2023 17:01,36.53,99947,48.15,96.61
15/10/2023 17:02,36.61,99949,47.95,96.69
15/10/2023 17:03,36.49,99948,48.18,96.62
15/10/2023 17:04,36.62,99948,47.78,96.78
15/10/2023 17:05,36.36,99949,48.27,96.58
15/10/2023 17:06,36.63,99952,47.85,96.76
15/10/2023 17:07,36.59,99953,47.81,96.76
15/10/2023 17:08,36.67,99954,48.06,96.59
15/10/2023 17:09,36.38,99957,48.31,96.55
15/10/2023 17:10,36.29,99961,48.45,96.49
15/10/2023 17:11,35.94,99965,49.25,96.16
15/10/2023 17:12,36.64,99967,48,96.49
15/10/2023 17:13,35.72,99970,49.25,96.18
15/10/2023 17:14,35.94,99973,49.17,96.19
15/10/2023 17:15,35.64,99974,49.48,96.11
15/10/2023 17:16,35.69,99973,49.56,96.01
15/10/2023 17:17,35.22,99971,50.69,95.56
15/10/2023 17:18,35.7,99970,50.09,95.78
15/10/2023 17:19,35.72,99970,49.9,95.89
15/10/2023 17:20,35.03,99974,51.04,95.45
15/10/2023 17:21,35.01,100045,52.45,94.84
15/10/2023 17:22,35.02,100037,52.36,94.88
15/10/2023 17:23,35.39,100028,52.14,94.8
15/10/2023 17:24,34.89,100015,52.62,94.77
15/10/2023 17:25,34.61,100007,53.15,94.56
15/10/2023 17:26,35.16,100013,52.3,94.89
15/10/2023 17:27,34.82,100025,53.01,94.57
15/10/2023 17:28,35.1,100037,52.11,94.99
15/10/2023 17:29,34.99,100046,52.33,94.88
15/10/2023 17:30,35.19,100046,52.1,94.97
15/10/2023 17:31,34.77,100040,52.73,94.74
15/10/2023 17:32,35.15,100035,52.54,94.78
15/10/2023 17:33,34.31,100022,53.98,94.21
15/10/2023 17:34,33.99,100015,55.01,93.75
15/10/2023 17:35,34.26,100005,54.76,93.85
15/10/2023 17:36,35.05,100002,53.37,94.31
15/10/2023 17:37,34.78,100003,53.25,94.52
15/10/2023 17:38,34.94,100010,53.29,94.47
15/10/2023 17:39,34.87,100020,53.31,94.48
15/10/2023 17:40,34.51,100025,54.21,94.12
15/10/2023 17:41,34.69,100028,54.01,94.19
15/10/2023 17:42,34.82,100029,53.77,94.28
15/10/2023 17:43,35.03,100030,53.41,94.42
15/10/2023 17:44,35.18,100032,53.01,94.6
15/10/2023 17:45,35.43,100036,52.9,94.57
15/10/2023 17:46,35.17,100040,53.11,94.54
15/10/2023 17:47,34.96,100044,53.49,94.39
15/10/2023 17:48,34.77,100049,53.82,94.28
15/10/2023 17:49,35.18,100053,53.51,94.27
15/10/2023 17:50,35.29,100056,52.78,94.7
15/10/2023 17:51,35.01,100056,53.43,94.4
15/10/2023 17:52,34.94,100055,53.61,94.35
15/10/2023 17:53,34.81,100054,53.8,94.27
15/10/2023 17:54,34.67,100054,53.88,94.25
15/10/2023 17:55,34.74,100050,53.95,94.22
15/10/2023 17:56,34.75,100054,54.08,94.15
15/10/2023 17:57,35.06,100057,53.23,94.5
15/10/2023 17:58,35.12,100061,53.27,94.4
15/10/2023 17:59,34.74,100063,53.98,94.18
15/10/2023 18:00,34.62,100063,54.11,94.15
15/10/2023 18:01,34.34,100064,54.57,93.97
15/10/2023 18:02,33.99,100064,56.03,93.27
15/10/2023 18:03,33.66,100064,56.37,93.19
15/10/2023 18:04,34,100060,55.66,93.48
15/10/2023 18:05,33.94,100057,55.66,93.51
15/10/2023 18:06,34.6,100053,54.3,94.06
15/10/2023 18:07,34.28,100053,55.04,93.75
15/10/2023 18:08,34.12,100055,55.11,93.76
15/10/2023 18:09,34.21,100055,55.26,93.65
15/10/2023 18:10,34.35,100058,55.05,93.75
15/10/2023 18:11,34.99,100060,54.12,94.02
15/10/2023 18:12,34.6,100063,54.39,94.03
15/10/2023 18:13,34.47,100065,54.58,93.95
15/10/2023 18:14,34.24,100068,54.92,93.81
15/10/2023 18:15,34.43,100068,54.9,93.73
15/10/2023 18:16,34.07,100066,55.3,93.66
15/10/2023 18:17,33.97,100065,55.63,93.51
15/10/2023 18:18,33.7,100063,56.2,93.27
15/10/2023 18:19,33.74,100063,56.29,93.21
15/10/2023 18:20,34.03,100062,55.74,93.46
15/10/2023 18:21,34.37,100060,54.66,93.91
15/10/2023 18:22,34.42,100059,54.4,94.02
15/10/2023 18:23,33.86,100064,55.49,93.59
15/10/2023 18:24,34.33,100065,55.18,93.55
15/10/2023 18:25,34.27,100067,54.64,93.92
15/10/2023 18:26,34.26,100069,54.87,93.8
15/10/2023 18:27,34.34,100071,54.8,93.84
15/10/2023 18:28,34.68,100072,54.13,94.02
15/10/2023 18:29,34.47,100075,53.89,94.27
15/10/2023 18:30,34.31,100080,54.55,93.96
15/10/2023 18:31,34.28,100080,54.78,93.87
15/10/2023 18:32,34.56,100079,54.45,93.98
15/10/2023 18:33,34.71,100077,54.64,93.81
15/10/2023 18:34,34.6,100079,54.53,93.96
15/10/2023 18:35,34.6,100078,54.68,93.89
15/10/2023 18:36,34.58,100078,54.74,93.88
15/10/2023 18:37,35.22,100078,53.8,94.18
15/10/2023 18:38,34.96,100078,54.06,94.15
15/10/2023 18:39,34.6,100079,54.66,93.92
15/10/2023 18:40,34.96,100079,54.01,94.2
15/10/2023 18:41,35.18,100082,53.97,94.14
15/10/2023 18:42,35.14,100085,53.68,94.31
15/10/2023 18:43,35.08,100088,53.93,94.2
15/10/2023 18:44,34.97,100088,54.14,94.1
15/10/2023 18:45,35.14,100089,53.53,94.41
15/10/2023 18:46,35.35,100090,53.58,94.23
15/10/2023 18:47,34.53,100090,54.82,93.88
15/10/2023 18:48,34.28,100092,55.53,93.54
15/10/2023 18:49,34.26,100094,55.68,93.49
15/10/2023 18:50,34.56,100098,55.48,93.46
15/10/2023 18:51,34.57,100099,55.04,93.75
15/10/2023 18:52,34.8,100100,54.56,93.94
15/10/2023 18:53,34.78,100101,54.65,93.89
15/10/2023 18:54,35.01,100100,53.88,94.24
15/10/2023 18:55,35.17,100101,53.59,94.36
15/10/2023 18:56,35.08,100103,53.84,94.26
15/10/2023 18:57,35.09,100103,53.78,94.27
15/10/2023 18:58,34.53,100106,54.87,93.82
15/10/2023 18:59,35.07,100103,54.3,93.93
15/10/2023 19:00,34.62,100106,54.83,93.84
15/10/2023 19:01,34.91,100104,54.35,94.03
15/10/2023 19:02,34.79,100103,54.41,94.01
15/10/2023 19:03,34.73,100105,54.66,93.86
15/10/2023 19:04,34.47,100106,55.02,93.76
15/10/2023 19:05,34.51,100106,54.98,93.75
15/10/2023 19:06,34.7,100105,54.76,93.86
15/10/2023 19:07,34.65,100104,54.64,93.9
15/10/2023 19:08,34.83,100104,54.06,94.17
15/10/2023 19:09,34.7,100106,54.27,94.08
15/10/2023 19:10,34.59,100106,54.7,93.88
15/10/2023 19:11,34.79,100104,54.14,94.13
15/10/2023 19:12,34.87,100104,54.39,93.98
15/10/2023 19:13,34.45,100108,54.95,93.81
15/10/2023 19:14,34.14,100109,55.68,93.5
15/10/2023 19:15,34.43,100106,55.35,93.59
15/10/2023 19:16,34.36,100107,55.81,93.35
15/10/2023 19:17,34.24,100107,55.85,93.39
15/10/2023 19:18,34.32,100107,55.49,93.59
15/10/2023 19:19,34.26,100107,55.67,93.47
15/10/2023 19:20,33.65,100109,57.01,92.93
15/10/2023 19:21,33.73,100108,56.61,93.11
15/10/2023 19:22,33.83,100108,56.53,93.13
15/10/2023 19:23,34.13,100109,56.16,93.25
15/10/2023 19:24,34.16,100111,55.81,93.45
15/10/2023 19:25,34.18,100114,56.22,93.24
15/10/2023 19:26,33.86,100118,56.72,93.07
